﻿<Globals>
    <!--Some values cannot be reset using globals.xml : AddInRoot ScoutRoot HomeStoreBase ConfigDir GuiDefaultFile UserSystem  /-->


  <Global Name="UsersFileName" Value="Users.xml" />
  <Global Name="ModulesFileName" Value="Modules.xml" />
  <Global Name="LocationsFileName" Value="Locations.xml" />
  <Global Name="ServicesFileName" Value="Services.xml" />
  <Global Name="RulesFileName" Value="Rules.xml" />
  <Global Name="DevicesFileName" Value="Devices.xml" />
  <Global Name="ScoutsFileName" Value="Scouts.xml" />
  <Global Name="RoleDbFileName" Value="RoleDb.xml" />
  <Global Name="ModuleDbFileName" Value="ModuleDb.xml" />
  <Global Name="DeviceDbFileName" Value="DeviceDb.xml" />

  <Global Name="DeviceDiscoveryPeriodSecs" Value="30" />
  <Global Name="GuiServiceSuffix" Value="Gui" />
  <Global Name="GuiServiceSuffixWeb" Value="GuiWeb" />

  

  <Global Name="CheckCapabilities" Value="true" />
  <Global Name="EnforcePolicies" Value="false" />
  <Global Name="nominalTimeout" Value="5400000" />



  <Global Name="UnitTestingEnabled" Value="false" />

  <Global Name="DlnaDmrIdentifier" Value="DriverDlnaDmr" />
  <Global Name="DlnaDmsIdentifier" Value="DriverDlnaDms" />
  <Global Name="LightswitchIdentifier" Value="SwitchMultiLevel" />


  <Global Name="portRegisterDelay" Value="1000" />

  <Global Name="MaxStopExecutionTime" Value="5000" />
  <Global Name="MaxPortDeregisteredExecutionTime" Value="5000" />
  <Global Name="MaxFinallyBlockExecutionTime" Value="30000" />

  <Global Name="OpDoesNotExistName" Value="OperationNotFound" />
  <Global Name="OpTimeOut" Value="OperationTimeOut" />
  <Global Name="ConfigLookupURI" Value="" />
  <Global Name="ConfigLookupFrequency" Value="1800000" />
  <Global Name="RepositoryURIs" Value="http://rep-URL-1/|http://rep-URL-2/" />
</Globals>
