﻿<Location Name="Home">
  <Location Name="Unknown"/>
  <Location Name="Virtual"/>
  <Location Name="Outdoors">
    <Location Name="Front Porch"/>
    <Location Name="Back Porch"/>
  </Location>
  <Location Name="Indoors">    
    <Location Name="Living Room"/>
    <Location Name="Kitchen"/>
    <Location Name="Dining Room"/>
    <Location Name="Parent's Bedroom"/>
    <Location Name="Dave's Bedroom"/>
    <Location Name="Rob's Bedroom"/>
    <Location Name="Front Hallway"/>
  </Location>
</Location>